GRB,GRB X-ray position,Error,Instrument,redshift,adatok
170214A,17h05m19s -01° 53',4.8,Fermi,2.53,16.2901657372
170210A,07h08m32s -46° 48',197*10,IPN,NA,NA
170209A,07h08m32s -46° 48',150,Fermi,NA,NA
170208B,08h28m37s -09° 02',3,Swift,NA,NA
170208A,11h06m15s -46° 47',3,Swift,NA,NA
170206B,18h07m09s +11° 13',3,Swift,NA,NA
170206AS,14h11m10s +14° 29',51,Fermi,NA,NA
170205A,17h28m36s -00° 03',3,Swift,NA,NA
170203A,22h11m26s +25° 10',3,Swift,NA,NA
170202A,10h10m07s +05° 00',3,Swift,3.645,20.9785165622
170131A,22h45m55s +64° 00',3,Swift,NA,NA
170127C,22h37m19s -63° 56',24,Fermi,NA,NA
170127BS,01h19m47s -30° 20',3,Swift,NA,NA
170127A,11h37m21s -45° 51',3,Swift,NA,NA
170126A,17h34m19s -64° 45',3,Swift,NA,NA
170121B,04h50m18s -09° 16',107,Fermi,NA,NA
170117A,04h06m21s +21° 45',3,Swift,NA,NA
170115B,12h36m29s -46° 51',16,Fermi,NA,NA
170115A,22h08m37s +13° 47',3,Swift,NA,NA
170113A,04h06m36s -71° 55',3,Swift,1.968,13.7124835962
170112AS,01h00m56s -17° 11',3,Swift,NA,NA
170111A,01h22m52s -32° 32',3,Swift,NA,NA
170101A,17h48m25s +11° 39',3,Swift,NA,NA
161224A,13h39m18s -18° 02',3,Swift,NA,NA
161223A,17h19m31s -25° 01',3,Swift,NA,NA
161220A,23h23m16s -47° 30',3,Swift,NA,NA
161219B,06h06m52s -26° 47',3,Swift,0.1475,3.6820386192
161219A,12h33m45s +10° 28',3.2,INTEGRAL,NA,NA
161218A,16h21m02s -04° 07',3,Swift,NA,NA
161217A,10h02m33s +52° 23',3,Swift,NA,NA
161214B,00h15m24s +07° 21',3,Swift,NA,NA
161214A,12h42m55s +06° 50',3.2,INTEGRAL,NA,NA
161202A,23h47m35s +19° 38',3,Swift,NA,NA
161129A,21h04m46s +32° 07',3,Swift,0.645,6.0380322658
161123A,02h08m51s -39° 39',60,MAXI,NA,NA
161117B,19h55m25s -67° 42',3,Swift,NA,NA
161117A,21h28m17s -29° 38',3,Swift,1.549,10.7745607814
161113A,11h59m20s -05° 21',3,Swift,NA,NA
161109A,10h31m26s +61° 48',16,Fermi,NA,NA
161108A,12h03m08s +24° 52',3,Swift,1.159,9.0826024984
161105A,08h00m39s -44° 47',3,Swift,NA,NA
161104AS,05h11m31s +51° 27',3,Swift,NA,NA
161023A,20h44m08s -47° 40',2.6,INTEGRAL,2.708,17.2055176596
161022A,08h35m52s +54° 22',3,Swift,NA,NA
161020B,04h12m25s -75° 35',204*21,IPN,NA,NA
161020A,10h44m08s -54° 46',2,INTEGRAL,NA,NA
161017A,09h31m04s +43° 08',3,Swift,2.013,12.2463209608
161015A,17h56m36s +30° 11',12.6,Fermi,NA,NA
161014A,22h10m31s +07° 29',3,Swift,2.823,16.1286380808
161011A,16h22m51s +08° 20',3,Swift,NA,NA
161010A,18h20m57s -28° 46',2.7,INTEGRAL,NA,NA
161007A,06h53m34s +23° 17',3,Swift,NA,NA
161004B,07h28m38s -39° 54',3,Swift,NA,NA
161004A,17h32m41s -00° 56',3,Swift,NA,NA
161001A,04h47m39s -57° 17',3,Swift,NA,NA
160927AS,17h05m03s +17° 19',3,Swift,NA,NA
160917A,19h42m41s +46° 24',3,Swift,NA,NA
160912A,20h06m04s +57° 33',3,Swift,NA,NA
160910A,15h17m20s +41° 12',3,Swift,NA,NA
160905A,10h48m57s -50° 48',3,Swift,NA,NA
160829A,13h26m48s -56° 46',8,Fermi,NA,NA
160827A,11h57m11s -29° 10',3,Swift,NA,NA
160826A,12h12m18s -67° 41',3,Swift,NA,NA
160824A,05h20m19s +40° 02',3,Swift,NA,NA
160821BS,18h39m57s +62° 24',3,Swift,0.16,3.8906557574
160821A,11h24m59s +42° 21',3,Swift,NA,NA
160819A,07h36m33s -22° 21',66,Fermi,NA,NA
160816A,19h18m43s -35° 38',8,Fermi,NA,NA
160815A,19h14m11s +84° 19',3,Swift,NA,NA
160814A,09h04m17s -20° 58',60,MAXI,NA,NA
160804A,14h46m33s +10° 00',3,Swift,0.736,7.0924963529
160802A,01h52m07s +71° 22',53*36,IPN,NA,NA
160801A,14h11m03s +13° 30',3,Swift,NA,NA
160726AS,06h35m17s -06° 33',3,Swift,NA,NA
160720A,03h52m37s +73° 54',162*45,Fermi,NA,NA
160716A,12h42m10s -61° 22',3,Swift,NA,NA
160714AS,15h37m51s +63° 50',3,Swift,NA,NA
160712A,20h16m36s -26° 59',3,Swift,NA,NA
160709AS,15h43m59s -28° 11',11,Fermi,NA,NA
160705B,11h12m21s +46° 43',3,Swift,NA,NA
160705A,07h47m00s -14° 59',60,MAXI,NA,NA
160703A,19h09m34s +36° 54',3,Swift,1.5,10.0108487113
160702A,15h23m33s +08° 43',72*22,IPN,NA,NA
160630A,13h12m57s -56° 04',3,Swift,NA,NA
160629A,00h19m17s +76° 59',3.1,INTEGRAL,3.332,18.673863867
160625B,20h33m04s +06° 54',3,Fermi,1.406,10.2738034249
160625A,11h47m45s -65° 07',3,Swift,NA,NA
160624AS,22h00m49s +29° 38',3,Swift,0.483,5.6144613754
160623A,21h00m58s +42° 16',6,Fermi,0.367,5.5091612293
160620AS,16h42m39s +30° 19',87*28,IPN,NA,NA
160612AS,23h13m27s -25° 22',3,Fermi,NA,NA
160611A,10h57m45s -70° 24',3,Swift,NA,NA
160607A,00h54m39s -04° 57',3,Swift,NA,NA
160601AS,15h40m08s +64° 30',3,Swift,NA,NA
160530A,19h18m43s -35° 38',90,COSI,NA,NA
160525B,09h57m46s +51° 11',3,Swift,NA,NA
160525A,06h54m07s -00° 10',3,Swift,NA,NA
160521B,09h52m41s +79° 01',10,Fermi,NA,NA
160521A,08h38m52s +46° 54',3.2,INTEGRAL,NA,NA
160519A,04h44m27s +31° 12',3,Swift,NA,NA
160509A,20h40m24s +76° 00',30,Fermi,1.17,8.6947507085
160506A,17h43m06s -46° 07',3,Swift,NA,NA
160504A,11h20m10s +56° 00',3,Swift,NA,NA
160503A,00h02m10s -01° 56',32,Fermi,NA,NA
160501A,19h05m30s -17° 14',3,Swift,NA,NA
160425A,18h41m15s -54° 22',3,Swift,0.555,4.8263572249
160424A,21h17m55s -60° 24',3,Swift,NA,NA
160422A,02h48m12s -57° 54',3,Fermi,NA,NA
160419A,01h05m42s -27° 21',3,Swift,NA,NA
160417A,08h00m58s +07° 38',3,Swift,NA,NA
160412A,02h12m26s -67° 39',3,Swift,NA,NA
160411AS,23h17m27s -40° 16',3,Swift,NA,NA
160410AS,10h02m43s +03° 27',3,Swift,1.717,11.1759645843
160409A,19h18m49s -05° 23',3,Swift,NA,NA
160408AS,08h10m14s +71° 08',3,Swift,NA,NA
160401A,05h58m57s +26° 41',2,INTEGRAL,NA,NA
160327A,09h46m45s +54° 01',3,Swift,5,28.4818372998
160325A,01h02m23s -72° 42',3,Swift,NA,NA
160321A,06h37m39s +05° 43',3,Swift,NA,NA
160314B,11h10m14s +45° 40',39,Fermi,NA,NA
160314A,07h31m07s +17° 00',3,Swift,0.726,6.3264890201
160313A,12h15m09s +57° 18',3,Swift,NA,NA
160310A,06h35m07s -07° 07',6,Fermi,NA,NA
160303AS,11h14m44s +22° 44',3,Swift,NA,NA
160228A,07h09m17s +26° 57',3,Swift,1.64,10.5368664044
160227A,12h59m09s +78° 38',3,Swift,2.38,15.1767324025
160225A,10h56m58s +53° 39',3,Swift,NA,NA
160223B,06h19m54s +33° 24',3.2,INTEGRAL,NA,NA
160223A,09h50m20s +09° 22',3,Swift,NA,NA
160221A,15h28m19s -28° 27',3.2,INTEGRAL,NA,NA
160220B,17h19m25s -18° 07',3,Swift,NA,NA
160220A,15h47m42s -18° 33',3,Swift,NA,NA
160216A,20h46m49s -71° 33',3,Swift,NA,NA
160206A,08h50m47s -36° 06',21*19,MAXI,NA,NA
160203A,10h47m48s -24° 46',3,Swift,3.52,19.6597745937
160131A,05h12m44s -07° 04',3,Swift,0.972,7.4782022734
160127A,15h03m49s +00° 05',3,Swift,NA,NA
160123A,10h01m09s -33° 47',3,Swift,NA,NA
160121A,07h16m19s -23° 35',3,Swift,1.96,13.034450005
160119A,14h07m34s +20° 28',3,Swift,NA,NA
160117B,08h48m46s -16° 20',3,Swift,0.87,7.4851092169
160117A,01h21m31s -00° 38',3,Swift,NA,NA
160113A,11h34m29s +10° 42',425,Fermi,NA,NA
160107A,19h58m40s +06° 25',13*11,MAXI,NA,NA
160104A,05h07m13s +11° 21',3,Swift,NA,NA
160102A,05h23m21s -21° 02',13,MAXI,NA,NA
160101A,14h38m55s -13° 49',9,MAXI,NA,NA
151231A,04h38m07s -61° 01',123*11.6,IPN,NA,NA
151229AS,21h57m31s -20° 44',3,Swift,NA,NA
151228B,22h57m46s +08° 05',3,Swift,NA,NA
151228AS,14h16m01s -17° 41',3,Swift,NA,NA
151227B,19h21m08s +35° 25',78*10.4,IPN,NA,NA
151225AS,15h11m36s -18° 18',212*15,IPN,NA,NA
151222AS,23h39m46s +34° 06',58*17,IPN,NA,NA
151216A,21h35m39s +24° 46',20*16,MAXI,NA,NA
151215A,06h14m23s +35° 31',3,Swift,2.59,15.9508313576
151212A,04h32m26s -03° 46',31*31,MAXI,NA,NA
151210A,04h20m44s -71° 14',3,Swift,NA,NA
151205C,21h58m54s +77° 42',16*13,MAXI,NA,NA
151205B,02h44m38s -43° 29',3,Swift,NA,NA
151205A,15h17m08s +35° 46',3,Swift,NA,NA
151127AS,01h19m07s -82° 46',3,Swift,NA,NA
151122A,19h58m49s -19° 54',3,Swift,NA,NA
151120A,10h28m58s -32° 31',2.8,INTEGRAL,NA,NA
151118A,03h48m38s +65° 52',3,Swift,NA,NA
151114A,08h03m45s -61° 03',3,Swift,NA,NA
151112A,00h08m11s -61° 42',3,Swift,4.1,23.8427197526
151111A,03h47m19s -44° 10',3,Swift,3.5,20.1298037079
151107B,01h59m00s +44° 30',6*440,Fermi,NA,NA
151107A,14h28m33s -59° 41',3,Swift,NA,NA
151031A,05h32m48s -39° 05',3,Swift,1.167,8.9604186696
151029A,02h34m08s -35° 22',3,Swift,1.423,9.1811565413
151027B,05h04m57s -06° 26',3,Swift,4.063,23.9377175336
151027A,18h09m58s +61° 23',3,Swift,0.81,7.0683416635
151023A,18h04m05s -08° 19',3,Swift,NA,NA
151022A,23h16m51s +55° 49',3,Swift,NA,NA
151021A,22h30m27s -33° 12',3,Swift,2.33,15.1487575773
151006A,09h49m48s +70° 31',3,Swift,NA,NA
151004A,14h14m20s -64° 57',3,Swift,NA,NA
151001B,22h27m23s +64° 40',3,Swift,NA,NA
151001A,15h34m55s +15° 35',3,Swift,NA,NA
150925A,15h10m05s -19° 38',3,Swift,NA,NA
150922A,19h37m31s -05° 29',75*9,IPN,NA,NA
150919A,08h51m50s +44° 04',59*11,IPN,NA,NA
150915A,21h18m55s -34° 51',3,Swift,1.968,12.5616514191
150912A,16h33m44s -20° 59',3,INTEGRAL,NA,NA
150911A,04h29m42s +05° 45',3,Swift,NA,NA
150910A,00h22m42s +33° 30',3,Swift,1.359,9.0037385262
150907B,17h00m53s -63° 49',3,Swift,NA,NA
150907A,14h59m22s -47° 36',4,MAXI,NA,NA
150906B,10h36m57s -25° 36',30*8.6,IPN,NA,NA
150902A,14h19m42s -69° 22',7.6,Fermi,NA,NA
150901A,12h14m21s +25° 02',3,Swift,NA,NA
150831B,18h04m05s -27° 15',3,Swift,NA,NA
150831AS,14h44m05s -25° 39',3,Swift,NA,NA
150824A,10h45m00s -55° 55',60,Fermi,NA,NA
150821A,22h47m37s -57° 52',3,Swift,0.755,6.9150624138
150819B,03h57m33s +39° 42',84*3.4,IPN,NA,NA
150819A,02h49m21s +09° 47',3,Swift,NA,NA
150818A,15h21m47s +68° 21',3,Swift,0.282,5.4085814264
150817A,16h38m34s -12° 04',3,Swift,NA,NA
150811B,12h25m23s -14° 07',342*32,IPN,NA,NA
150811A,19h25m29s -15° 27',3,Swift,NA,NA
150801B,05h31m50s -05° 23',3,Swift,NA,NA
150801A,17h03m42s -09° 26',60,MAXI,NA,NA
150728AS,19h29m09s +33° 54',3,Swift,NA,NA
150727A,13h35m58s -18° 21',3,Swift,0.313,5.1763445658
150725A,14h41m41s -02° 25',7,MAXI,NA,NA
150724B,23h27m41s +03° 40',18,Fermi,NA,NA
150724A,06h30m09s -19° 09',3,Swift,NA,NA
150722A,14h33m05s -35° 12',3,Swift,NA,NA
150721A,22h16m24s +07° 48',90,Fermi,NA,NA
150720A,07h58m20s -28° 18',3,Swift,NA,NA
150716A,18h33m52s -13° 01',3,Swift,NA,NA
150711A,14h46m31s -35° 28',3,Swift,NA,NA
150710B,05h32m47s -46° 58',3,Swift,NA,NA
150710AS,12h57m59s +14° 18',3,Swift,NA,NA
150702A,03h31m07s -57° 00',22,Fermi,NA,NA
150627A,07h49m58s -51° 34',3,Fermi,NA,NA
150626A,07h25m22s -37° 46',3,Swift,NA,NA
150622A,16h46m57s -52° 56',60,MAXI,NA,NA
150616A,20h58m49s -53° 24',3,Swift,NA,NA
150615A,07h10m17s -22° 28',3,Swift,NA,NA
150608A,00h54m36s -00° 08',60,MAXI,NA,NA
150607A,09h20m06s +68° 27',3,Swift,NA,NA
150530B,00h29m59s +44° 17',3,Swift,NA,NA
150530A,21h50m06s +57° 34',3,Swift,NA,NA
150527A,19h15m50s +04° 12',3,Swift,NA,NA
150523A,07h41m26s -45° 24',6,Fermi,NA,NA
150518A,15h36m50s +16° 16',60,MAXI,0.256,5.120906293
150514A,04h59m24s -60° 55',7,Fermi,0.807,7.4385681898
150513A,03h16m14s -22° 55',3,Swift,NA,NA
150510A,01h04m38s +04° 47',22,Fermi,NA,NA
150430A,21h45m58s -27° 56',3,Swift,NA,NA
150428C,04h00m59s +67° 49',60,MAXI,NA,NA
150428B,19h30m37s +04° 07',3,Swift,NA,NA
150428A,12h34m10s +06° 34',3,Swift,NA,NA
150424AS,10h09m15s -26° 39',3,Swift,0.3,5.1751737463
150423AS,14h46m24s +12° 17',3,Swift,1.394,10.384841621
150418A,10h42m11s -04° 56',60,MAXI,NA,NA
150413A,12h41m32s +71° 49',3,Swift,3.139,19.4650771574
150407A,14h26m25s +38° 32',3,Swift,NA,NA
150403A,20h46m01s -62° 42',3,Swift,2.06,13.2184289851
150402A,11h34m38s +41° 00',3,Swift,NA,NA
150330A,22h04m07s +52° 18',8.6*277,IPN,NA,NA
150323C,12h50m27s +50° 12',3,Swift,NA,NA
150323B,17h21m47s +38° 19',3,Swift,NA,NA
150323A,08h32m46s +45° 26',3,Swift,0.593,5.9486148033
150318A,21h39m53s -61° 29',3,Swift,NA,NA
150317A,09h15m45s +55° 27',3,Swift,NA,NA
150314A,08h26m38s +63° 50',3,Swift,1.758,12.2158129107
150313A,16h49m25s -10° 58',17*147,MAXI,NA,NA
150311A,15h40m23s -15° 49',17,MAXI,NA,NA
150309A,18h27m57s +86° 26',3,Swift,NA,NA
150302A,11h42m02s +36° 50',3,Swift,NA,NA
150301C,00h45m20s +41° 51',3,Swift,NA,NA
150301B,05h56m38s -57° 59',3,Swift,1.5169,10.2968423883
150301AS,16h17m09s -48° 42',3,Swift,NA,NA
150222B,10h23m35s -41° 10',24,MAXI,NA,NA
150222A,13h15m06s -12° 08',3,Swift,NA,NA
150219A,18h05m04s -41° 36',3.3,INTEGRAL,NA,NA
150213B,16h53m42s +34° 11',3,Swift,NA,NA
150212A,19h02m05s +47° 24',3,Swift,NA,NA
150211A,16h59m25s +55° 23',3,Swift,NA,NA
150210A,07h28m36s +13° 16',20,Fermi,NA,NA
150206A,00h40m21s -63° 11',3,Swift,2.087,13.492788405
150204A,10h40m58s -64° 03',1.5,Swift,NA,NA
150203A,06h33m39s +06° 58',3,Swift,NA,NA
150202B,05h46m24s +59° 06',3,Fermi,NA,NA
150202A,02h36m57s -33° 09',3,Swift,NA,NA
150201A,00h47m20s -37° 37',3,Swift,NA,NA
150127B,09h20m44s -03° 12',102*43,Fermi,NA,NA
150127A,19h47m49s -09° 25',414*11,Fermi,NA,NA
150126A,23h22m00s -12° 22',34*28,MAXI,NA,NA
150123A,07h26m14s -09° 41',8,MAXI,NA,NA
150120B,02h37m11s +08° 05',3,Swift,3.5,21.3999930873
150120AS,00h41m14s +33° 59',3,Swift,NA,NA
150118C,10h40m18s -27° 25',60*12,IPN,NA,NA
150118B,16h00m58s -35° 45',30,Fermi,NA,NA
150110C,04h34m18s -16° 52',11*10,MAXI,NA,NA
150110B,19h17m26s +32° 31',3,Swift,NA,NA
150110A,08h46m33s -48° 53',140*100,MAXI,NA,NA
150103A,08h46m33s -48° 53',3,Swift,NA,NA
150101BS,12h32m10s -10° 57',3,Swift,0.134,3.7222136586
150101AS,20h50m31s +36° 44',3,Swift,NA,NA
141229A,19h18m43s -35° 38',66,MAXI,NA,NA
141225A,09h15m00s +33° 48',3,Swift,0.915,8.2206967233
141222A,11h52m10s -57° 21',6,Fermi,NA,NA
141221A,13h13m05s +08° 13',3,Swift,1.452,9.8999916108
141220A,13h00m12s +32° 09',3,Swift,1.3195,8.8008851393
141215A,11h56m13s -52° 45',66*10,IPN,NA,NA
141212B,16h43m28s +31° 45',3,Swift,NA,NA
141212AS,02h36m39s +18° 09',3,Swift,0.596,6.8110610323
141207A,10h39m58s +03° 55',13,Fermi,NA,NA
141205AS,06h11m31s +37° 52',3,Swift,NA,NA
141202A,09h32m17s +54° 10',192*10,IPN,NA,NA
141130A,14h51m15s +47° 18',3,Swift,NA,NA
141125AS,08h31m38s -29° 32',159*7,IPN,NA,NA
141121A,08h10m40s +22° 14',3,Swift,1.47,9.4317087306
141118A,10h27m30s +19° 05',300*10,IPN,NA,NA
141109B,14h49m27s +73° 07',3,Swift,NA,NA
141109A,09h38m02s -00° 36',3,Swift,2.993,18.5714392381
141104A,18h37m57s -12° 42',51*10,IPN,NA,NA
141102A,13h54m27s -47° 06',4,Swift,NA,NA
141031B,23h47m44s +41° 22',3,Swift,NA,NA
141031A,08h34m24s -59° 08',3,Swift,NA,NA
141029B,07h00m48s +25° 06',60,Fermi,NA,NA
141028A,21h30m48s -00° 17',24,Fermi,2.33,14.4945728406
141026A,02h56m19s +26° 58',3,Swift,3.35,20.3218972843
141022A,16h07m36s -72° 08',3,Swift,NA,NA
141020A,15h00m02s +55° 20',3,Swift,NA,NA
141017A,06h14m31s -58° 33',3,Swift,NA,NA
141015A,05h50m02s +18° 19',3,Swift,NA,NA
141011A,17h11m45s -09° 41',42*6,IPN,NA,NA
141005A,19h24m26s +36° 04',3,Swift,NA,NA
141004A,05h06m56s +12° 49',3,Swift,0.573,5.6649063665
140930BS,00h25m25s +24° 16',3,Swift,NA,NA
140930A,22h59m30s +52° 26',24,MAXI,NA,NA
140928A,02h55m14s -56° 05',10,Fermi,NA,NA
140927A,19h27m23s -65° 23',3,Swift,NA,NA
140919A,14h46m13s -32° 09',3,Swift,NA,NA
140916A,02h41m37s -39° 43',3,Swift,NA,NA
140909A,12h54m33s +63° 30',3,Swift,NA,NA
140907A,03h12m35s +46° 36',3,Swift,1.21,8.2167828395
140906CS,20h59m51s +01° 56',11*60,IPN,NA,NA
140903AS,15h52m09s +27° 35',3,Swift,0.351,5.5884084149
140901B,07h28m44s -29° 13',3,Swift,NA,NA
140901A,01h03m16s -32° 45',99*12,IPN,NA,NA
140828A,09h28m03s +14° 35',3,Swift,NA,NA
140825A,05h54m51s -11° 50',27*9,IPN,NA,NA
140824A,13h46m35s +33° 18',3,Swift,NA,NA
140818B,18h04m35s +01° 22',3,Swift,NA,NA
140818A,13h18m03s +06° 48',60,MAXI,NA,NA
140817A,08h29m01s +58° 11',3,Swift,NA,NA
140815A,05h47m35s -08° 40',2.5,INTEGRAL,NA,NA
140814A,12h10m03s +49° 21',20,MAXI,NA,NA
140810A,07h56m10s +27° 33',7,Fermi,NA,NA
140809A,11h15m14s +71° 01',360,Fermi,NA,NA
140808A,14h26m05s +48° 36',220,Fermi,3.29,19.9611465334
140801A,03h01m00s -30° 53',240,Fermi,1.32,10.4885560564
140730A,03h45m43s -66° 32',3,Swift,NA,NA
140729A,12h55m48s +15° 21',20,Fermi,NA,NA
140723A,14h02m31s -03° 44',21,Fermi,NA,NA
140719B,02h38m57s -02° 23',3,Swift,NA,NA
140719A,11h26m22s -50° 08',3,Swift,NA,NA
140716A,07h12m32s -60° 09',1.5,Swift,NA,NA
140713A,18h44m27s +59° 37',3,Swift,NA,NA
140710B,13h38m40s -58° 33',3,INTEGRAL,NA,NA
140710A,02h44m21s +35° 30',3,Swift,0.558,5.8119441735
140709B,09h44m17s +63° 30',3,Swift,NA,NA
140709A,20h18m33s +51° 13',3,Swift,NA,NA
140706A,03h17m13s -38° 04',3,Swift,NA,NA
140703A,00h51m58s +45° 06',3,Swift,3.14,19.4779211177
140629A,16h35m56s +41° 53',3,Swift,2.275,14.6024857558
140628A,02h42m39s -00° 22',3,Swift,NA,NA
140626A,05h09m24s -82° 38',3,Swift,NA,NA
140623A,13h13m00s +75° 48',336,Fermi,1.92,12.7448709278
140622AS,21h08m37s -14° 26',3,Swift,0.959,6.9429404446
140621A,04h53m07s +14° 39',43*17,IPN,NA,NA
140620A,18h47m29s +49° 44',120,Fermi,2.04,13.7425997027
140619C,15h32m04s -25° 36',138*26,IPN,NA,NA
140619BS,08h50m43s -09° 40',4,Fermi,NA,NA
140619A,01h48m22s -39° 16',3,Swift,NA,NA
140614B,21h30m30s +14° 55',3,Swift,NA,NA
140614A,15h24m56s -79° 06',3,Swift,4.233,24.6482567554
140611AS,23h19m43s -40° 05',84*16,IPN,NA,NA
140610A,19h05m02s +03° 54',3,Swift,NA,NA
140607A,05h45m31s +18° 55',3,Swift,NA,NA
140606B,21h51m00s +33° 41',180,Fermi,0.384,5.3230061572
140606AS,13h27m14s +37° 35',3,Swift,NA,NA
140604AS,17h32m41s -40° 24',76*31,IPN,NA,NA
140529A,15h15m16s -41° 03',3,Swift,NA,NA
140528A,18h42m55s -58° 45',57*24,IPN,NA,NA
140523A,08h53m12s +24° 57',24,Fermi,NA,NA
140521A,21h20m03s +67° 36',3,Swift,NA,NA
140518A,15h08m55s +42° 24',3,Swift,4.707,26.6624496469
140516AS,16h51m57s +39° 55',3,Swift,NA,NA
140515B,19h17m52s -11° 00',60,MAXI,NA,NA
140515A,12h24m09s +15° 05',3,Swift,6.32,35.098789684
140512A,19h17m29s -15° 06',3,Swift,0.725,6.3047030287
140509B,20h52m29s +21° 09',60,MAXI,NA,NA
140509A,03h06m26s -62° 39',3,Swift,2.4,14.4884147282
140508A,17h02m31s +46° 45',90*12,Fermi,1.027,9.0521600232
140506A,18h27m10s -55° 34',3,Swift,0.889,6.4616691409
140502B,13h18m43s -35° 38',3,Swift,NA,NA
140502A,21h16m37s +49° 01',3,Swift,NA,NA
140430A,06h51m43s +23° 01',3,Swift,1.6,10.3570947634
140428A,12h57m22s +28° 21',3,Swift,4.7,26.8143474898
140423A,13h09m10s +49° 49',3,Swift,3.26,18.9380860655
140419A,08h28m00s +46° 13',3,Swift,3.956,23.4437675021
140416A,02h21m36s +43° 54',1548*10,IPN,NA,NA
140414AS,13h01m14s +56° 54',3,Swift,NA,NA
140413A,04h21m48s -51° 12',3,Swift,NA,NA
140412A,09h40m12s -65° 49',3,Swift,NA,NA
140408A,19h22m44s -12° 35',3,Swift,NA,NA
140402AS,13h49m53s +05° 52',12,Fermi,NA,NA
140331A,08h59m23s +02° 42',3,Swift,NA,NA
140330A,21h52m16s -57° 45',118*17,IPN,NA,NA
140329A,09h44m59s -32° 06',53*12,IPN,NA,NA
140323A,23h47m33s -79° 55',3,Swift,NA,NA
140320D,05h51m34s +85° 26',208*12,IPN,NA,NA
140320C,08h57m32s +71° 12',3.2,INTEGRAL,NA,NA
140320B,09h42m16s +60° 15',3.2,INTEGRAL,NA,NA
140320AS,18h46m36s -02° 42',3,Swift,NA,NA
140318A,12h16m13s +20° 12',3,Swift,1.02,7.7945526173
140311B,16h49m10s +52° 45',3,Swift,NA,NA
140311A,13h57m12s +00° 37',3,Swift,4.954,26.912214138
140308A,23h50m15s -33° 21',56*11,IPN,NA,NA
140306A,01h51m46s +48° 59',59*20,IPN,NA,NA
140305A,22h58m08s +15° 26',3,Swift,NA,NA
140304A,02h02m40s +33° 29',3,Swift,5.3,29.3180070645
140302A,16h55m22s -12° 52',3,Swift,NA,NA
140301A,04h38m11s -34° 17',3,Swift,1.416,10.5262607637
140226A,14h45m58s +15° 00',0.1,iPTF,1.98,12.4899288509
140221A,07h09m47s -17° 20',24,MAXI,NA,NA
140219A,10h25m46s +07° 28',334*22,IPN,NA,NA
140215A,06h56m33s +41° 47',3,Swift,NA,NA
140213A,07h00m52s -73° 08',3,Swift,1.2076,10.006491846
140211A,08h16m55s +20° 15',3,Swift,NA,NA
140209A,05h25m20s +32° 29',3,Swift,NA,NA
140206A,09h41m24s +66° 45',3,Swift,2.73,16.6183310134
140129B,21h47m03s +26° 12',3,Swift,NA,NA
140129A,02h31m29s -01° 35',3,Swift,NA,NA
140118A,22h04m01s -17° 57',3,Swift,NA,NA
140114A,12h33m56s +12° 35',3,Swift,3,18.3124910783
140110A,01h55m36s -36° 16',30,Fermi,NA,NA
140108A,21h40m43s +58° 46',3,Swift,NA,NA
140104B,14h35m14s -08° 54',13,Fermi,NA,NA
140103A,15h28m31s +37° 45',3,Swift,NA,NA
140102A,14h07m37s +01° 20',3,Swift,NA,NA
131231A,05h40m57s -04° 26',9,Fermi,0.642,6.8417210447
131229A,05h40m57s -04° 26',3,Swift,NA,NA
131227A,04h29m31s +28° 53',3,Swift,5.3,28.9903792994
131226A,20h05m14s -64° 58',3,Swift,NA,NA
131225A,06h20m09s +05° 19',60,MAXI,NA,NA
131224A,19h47m20s +31° 40',2,INTEGRAL,NA,NA
131218A,07h35m12s -64° 43',2.8,INTEGRAL,NA,NA
131216A,06h18m42s -41° 38',12*570,Fermi,NA,NA
131215A,17h16m07s -07° 35',60,MAXI,NA,NA
131209A,09h06m00s -33° 12',54,Fermi,NA,NA
131205A,08h46m26s -60° 10',3,Swift,NA,NA
131202A,22h56m13s -21° 39',3,Swift,NA,NA
131128A,23h41m18s +31° 17',3,Swift,NA,NA
131127A,22h11m00s +36° 35',3,Swift,NA,NA
131122A,10h10m13s +57° 44',1.6,INTEGRAL,NA,NA
131120A,18h35m41s -12° 00',3,Swift,NA,NA
131118A,23h19m27s -66° 50',60,Fermi,NA,NA
131117A,22h09m21s -31° 43',3,Swift,4.042,24.0048910546
131108A,10h25m53s +09° 54',30,Fermi,2.4,14.4824398125
131105A,04h44m03s -62° 59',3,Swift,1.686,11.1632738418
131103A,23h15m49s -44° 40',3,Swift,0.599,6.932435528
131031A,01h58m28s -01° 36',3,Swift,NA,NA
131030A,23h00m19s -05° 23',3,Swift,1.295,9.1909704117
131029A,13h23m08s +48° 18',16,Fermi,NA,NA
131028A,04h04m54s +71° 36',72*348,Fermi,NA,NA
131026A,01h02m11s +32° 29',3,Swift,NA,NA
131024B,09h37m37s +44° 14',3,Swift,NA,NA
131024A,19h21m51s -64° 36',3,Swift,NA,NA
131018B,20h18m06s +23° 04',8,Fermi,NA,NA
131018A,06h33m51s -19° 53',3,Swift,NA,NA
131014A,06h41m12s -19° 06',55,Fermi,NA,NA
131011A,01h27m41s +09° 33',315,Fermi,1.874,12.4808888722
131004A,19h44m36s -02° 58',3,Swift,0.717,5.9457440679
131002B,05h00m15s -75° 44',3,Swift,NA,NA
131002A,16h53m06s +82° 03',3,Swift,NA,NA
131001A,00h33m12s +25° 33',3,Swift,NA,NA
130930A,12h42m39s -35° 30',3,Swift,NA,NA
130929A,09h00m17s -47° 34',3,Swift,NA,NA
130925A,02h44m44s -26° 08',3,Swift,0.347,4.7835999623
130919A,13h49m09s -10° 21',3,Swift,NA,NA
130913A,22h47m50s +01° 18',3.3,Swift,NA,NA
130912AS,03h10m28s +13° 58',3,Swift,NA,NA
130907A,14h23m31s +45° 37',3,Swift,1.238,9.8163360938
130903A,05h28m33s -00° 07',2.6,INTEGRAL,NA,NA
130831B,12h49m47s -29° 11',3,Swift,NA,NA
130831A,23h54m36s +29° 27',3,Swift,0.4791,5.2970392317
130829A,12h09m42s +46° 31',3,Swift,NA,NA
130828A,17h19m19s +28° 00',18,Fermi,NA,NA
130822AS,01h51m46s -03° 13',3,Swift,NA,NA
130821A,20h56m24s -12° 00',6,Fermi,NA,NA
130816B,11h20m22s -57° 33',3,Swift,NA,NA
130816A,13h08m40s -58° 57',3,Swift,NA,NA
130812B,00h29m37s -79° 11',66*8,IPN,NA,NA
130812A,06h09m37s -13° 18',3,Swift,NA,NA
130807A,17h59m12s -27° 37',3,Swift,NA,NA
130806A,02h23m29s +67° 32',3,Swift,NA,NA
130804A,20h14m37s -79° 35',948*3,IPN,NA,NA
130803A,14h40m58s -02° 28',3,Swift,NA,NA
130727A,22h03m12s -65° 34',3,Swift,NA,NA
130725B,14h16m58s -11° 08',3,Swift,NA,NA
130725A,15h20m08s +00° 38',3,Swift,NA,NA
130722A,17h22m41s -02° 59',3,Swift,NA,NA
130719A,05h56m09s -11° 35',3,Swift,NA,NA
130716AS,11h58m18s +63° 03',3,Swift,NA,NA
130708A,14h29m15s +15° 46',3,Swift,NA,NA
130702A,15h12m36s +16° 35',412,Fermi,0.145,3.0717761468
130701A,23h48m52s +36° 06',3,Swift,1.155,8.8141208371
130627B,12h07m44s -55° 44',3,Swift,NA,NA
130627A,12h17m47s -37° 05',3,Swift,NA,NA
130626A,18h12m31s -09° 32',3,Swift,NA,NA
130625A,22h53m04s +82° 11',3,Swift,NA,NA
130623A,01h22m53s -77° 47',3,Swift,NA,NA
130615A,18h19m23s -68° 10',3,Swift,NA,NA
130612A,17h19m13s +16° 42',3,Swift,2.006,13.7188558526
130610B,11h45m26s -32° 11',103*18,IPN,NA,NA
130610A,14h57m40s +28° 11',3,Swift,2.092,14.1721590501
130609B,03h35m01s -40° 09',3,Swift,NA,NA
130609A,10h10m42s +24° 06',3,Swift,NA,NA
130608A,01h38m19s +41° 30',3,Swift,NA,NA
130606B,14h34m18s -22° 08',12,Fermi,NA,NA
130606A,16h37m37s +29° 47',3,Swift,5.913,32.1143841856
130605A,08h58m06s -33° 29',3,Swift,NA,NA
130604A,16h40m19s +68° 13',3,Swift,1.06,8.1362579624
130603BS,11h28m50s +17° 03',3,Swift,0.3564,3.9200821497
130603A,05h47m49s +82° 56',3,Swift,NA,NA
130529A,01h37m02s -64° 08',3,Swift,NA,NA
130528A,09h15m39s +87° 17',3,Swift,NA,NA
130527A,20h37m07s -24° 44',3,Swift,NA,NA
130521B,18h46m34s +22° 43',55*4,IPN,NA,NA
130521A,05h50m14s +14° 27',3,Swift,NA,NA
130518B,21h26m13s -20° 09',3,Swift,NA,NA
130518A,23h43m14s +47° 38',20,Fermi,2.488,14.6528438229
130515AS,18h53m41s -54° 17',3,Swift,NA,NA
130514B,09h50m26s -18° 58',3,INTEGRAL,NA,NA
130514A,19h45m06s -07° 57',3,Swift,3.6,20.2418511321
130513A,09h38m59s -05° 14',3,INTEGRAL,NA,NA
130511A,13h06m33s +18° 42',3,Swift,1.3033,10.2096306075
130508A,20h21m15s +34° 57',3,Swift,NA,NA
130505A,09h08m14s +17° 29',3,Swift,2.27,13.6512543923
130504C,06h06m52s +03° 51',18,Fermi,NA,NA
130504BS,23h11m49s -05° 44',90*2.9,Fermi,NA,NA
130504A,18h09m27s -16° 21',3,Swift,NA,NA
130502B,04h26m36s +71° 05',11,Fermi,NA,NA
130502A,09h14m19s -00° 09',3,Swift,NA,NA
130427B,20h59m34s -22° 32',3,Swift,2.78,17.4610419405
130427A,11h32m33s +27° 41',3,Swift,0.3399,3.8722526502
130420B,12h12m29s +54° 23',3,Swift,NA,NA
130420A,13h04m24s +59° 25',3,Swift,1.297,8.9408605632
130419A,23h41m05s +09° 59',3,Swift,NA,NA
130418A,09h56m10s +13° 39',3,Swift,1.218,8.7198150455
130408A,08h57m36s -32° 22',3,Swift,3.757,21.3767643107
130407A,16h32m23s +10° 31',15,MAXI,NA,NA
130327B,14h32m22s -69° 31',10,AGILE,NA,NA
130327A,06h07m58s +55° 44',3,Swift,NA,NA
130325A,08h11m07s -18° 54',15,Fermi,NA,NA
130315A,10h30m10s -51° 49',3,Swift,NA,NA
130313AS,15h45m42s -00° 22',3,Swift,NA,NA
130310A,09h29m21s -17° 14',27,Fermi,NA,NA
130306A,18h37m55s -11° 41',3,Swift,NA,NA
130305A,07h47m04s +52° 01',3,Swift,NA,NA
130216B,03h55m30s +02° 02',2,Swift,NA,NA
130216A,04h31m36s +14° 40',3,Swift,NA,NA
130215A,02h53m55s +13° 22',3,Swift,0.597,6.8327960764
130211A,09h50m05s -42° 20',3,Swift,NA,NA
130206A,09h21m30s -58° 10',3,Swift,NA,NA
130131B,11h35m48s +15° 02',3,Swift,2.539,16.5625281218
130131A,11h24m26s +48° 04',3,Swift,NA,NA
130122A,12h56m52s +59° 01',3,Swift,NA,NA
130102B,20h43m37s -72° 05',60,MAXI,NA,NA
130102A,20h45m51s +49° 50',3,Swift,NA,NA
121229A,12h40m24s -50° 36',3,Swift,2.707,15.9259973802
121226AS,11h14m38s -30° 25',3,Swift,NA,NA
121225B,20h35m39s -34° 21',444*12,Fermi,NA,NA
121225A,17h39m27s -66° 04',17,MAXI,NA,NA
121217A,10h14m54s -62° 18',3,Swift,NA,NA
121212A,11h51m22s +78° 02',3,Swift,2,13.8052252585
121211A,13h02m11s +30° 10',3,Swift,1.023,7.4106134595
121209A,21h47m12s -08° 15',3,Swift,2.1,12.865697417
121202A,17h07m16s +23° 57',3,Swift,NA,NA
121201A,00h53m57s -42° 57',3,Swift,3.385,20.72885562
121128A,20h02m20s +54° 19',3,Swift,2.2,14.8820642901
121127A,11h45m45s -52° 25',29*9,IPN,NA,NA
121125A,15h14m05s +55° 19',3,Swift,NA,NA
121123A,20h29m27s -11° 52',3,Swift,NA,NA
121118B,11h26m49s -03° 04',258*66,IPN,NA,NA
121118A,19h57m31s +65° 39',300*66,IPN,NA,NA
121117A,02h06m32s +07° 23',3,Swift,NA,NA
121108A,05h32m45s +54° 29',3,Swift,NA,NA
121102A,18h03m37s -16° 58',3,Swift,NA,NA
121031A,11h23m05s -03° 31',3,Swift,NA,NA
121028A,18h07m42s -02° 17',3,Swift,NA,NA
121027A,04h14m26s -58° 48',3,Swift,1.773,12.4270680986
121025A,16h35m00s +27° 44',18,MAXI,NA,NA
121024A,04h41m52s -12° 16',3,Swift,2.298,14.5095154803
121017A,19h15m16s -01° 36',3,Swift,NA,NA
121014A,11h06m31s -29° 07',3,Swift,NA,NA
121011A,17h20m48s +41° 08',3,Swift,NA,NA
121001A,18h24m08s -05° 40',3,Swift,NA,NA
120927A,09h06m24s +00° 25',3,Swift,NA,NA
120923A,20h15m11s +06° 14',3,Swift,NA,NA
120922A,15h39m01s -20° 11',3,Swift,3.1,19.1800038518
120919B,20h10m32s -37° 29',94*5,IPN,NA,NA
120919A,14h19m04s -45° 34',31*8,Fermi,NA,NA
120918A,12h04m13s -32° 45',3,Swift,NA,NA
120916A,13h42m31s +36° 42',205*5,Fermi,NA,NA
120913B,14h14m35s -14° 32',3,Swift,NA,NA
120913A,09h45m45s +26° 59',3,Swift,NA,NA
120911B,11h28m35s -37° 42',129*11,IPN,NA,NA
120911A,23h51m51s +63° 06',3,Swift,NA,NA
120909A,18h22m44s -59° 26',3,Swift,3.93,23.5520988974
120908A,15h23m06s -25° 30',60,MAXI,NA,NA
120907A,04h58m58s -09° 18',3,Swift,0.97,7.7414811263
120830A,05h54m36s -28° 59',47*5,Fermi,NA,NA
120821A,17h01m05s -40° 31',2,INTEGRAL,NA,NA
120819A,15h43m33s -07° 08',3,Swift,NA,NA
120817BS,00h33m17s -26° 31',38*14,IPN,NA,NA
120817A,16h42m49s -38° 20',3,Swift,NA,NA
120816BS,22h29m48s -01° 37',455*80,IPN,NA,NA
120816A,18h48m30s -06° 59',3,Swift,NA,NA
120815A,18h15m40s -52° 08',3,Swift,2.358,14.9325758428
120811C,13h18m50s +62° 17',3,Swift,2.671,15.3766377069
120811BS,02h54m53s -30° 14',84*9,IPN,NA,NA
120811A,17h08m44s -22° 44',3,Swift,NA,NA
120807A,16h04m51s -47° 29',3,Swift,NA,NA
120805A,14h26m08s +05° 48',3,Swift,3.1,18.3066418233
120804AS,15h35m43s -28° 46',3,Swift,NA,NA
120803B,20h56m54s +53° 17',3,Swift,NA,NA
120803A,17h58m16s -06° 43',3,Swift,NA,NA
120802A,02h59m24s +13° 45',3,Swift,3.796,22.2133388555
120729A,00h52m13s +49° 56',3,Swift,0.8,7.3486841244
120728A,09h08m24s -54° 26',3,Swift,NA,NA
120724A,16h20m46s +03° 31',3,Swift,1.48,11.1560079473
120722A,15h21m58s +13° 15',3,Swift,0.9586,8.7306546803
120716A,20h52m21s +09° 33',121*30,IPN,2.486,15.6348170034
120714B,23h41m44s -46° 11',3,Swift,0.3984,4.7053376523
120714A,11h11m53s -30° 38',3,Swift,NA,NA
120712A,11h18m25s -20° 04',3,Swift,4.1745,23.6349085617
120711B,22h06m40s +60° 01',3,Swift,NA,NA
120711A,06h18m49s -71° 01',3,Swift,1.405,9.5912951757
120709A,21h13m38s -50° 02',21,Fermi,NA,NA
120703A,22h37m26s -29° 44',3,Swift,NA,NA
120701A,05h21m21s -58° 32',3,Swift,NA,NA
120630AS,23h29m11s +42° 33',3,Swift,NA,NA
120624B,11h23m46s +08° 56',3,Fermi,2.1974,14.1848526749
120622A,13h41m43s -01° 43',20,MAXI,NA,NA
120612A,08h26m54s -17° 35',3,Swift,NA,NA
120522A,11h03m59s -62° 06',19*7,IPN,NA,NA
120521C,14h17m09s +42° 07',3,Swift,6,32.8070315492
120521B,13h08m03s -52° 45',3,Swift,NA,NA
120521AS,09h54m46s -49° 25',3,Swift,NA,NA
120514A,18h51m58s -04° 15',3,Swift,NA,NA
120510A,02h57m09s +72° 51',3,MAXI,NA,NA
120426A,07h26m09s -65° 38',108*12,IPN,NA,NA
120424A,01h35m56s -29° 53',22,MAXI,NA,NA
120422A,09h07m43s +14° 00',3,Swift,0.283,3.5508934994
120419A,12h29m29s -63° 02',3,INTEGRAL,NA,NA
120404A,15h40m03s +12° 53',3,Swift,2.876,16.6707462969
120403B,03h39m14s -89° 02',3,Swift,NA,NA
120403AS,02h49m50s +40° 28',3,Swift,NA,NA
120401A,03h52m16s -17° 40',3,Swift,NA,NA
120328A,16h06m12s -39° 20',3,Swift,NA,NA
120327A,16h27m19s -29° 25',3,Swift,2.813,16.7316286483
120326A,18h15m42s +69° 17',3,Swift,1.798,11.8898612025
120325A,11h55m17s +73° 11',3,Swift,NA,NA
120324A,19h24m20s +24° 09',3,Swift,NA,NA
120323A,22h41m38s +29° 43',45*6,Fermi,NA,NA
120320A,14h10m09s +08° 41',3,Swift,NA,NA
120312A,16h47m03s +23° 51',3,Swift,NA,NA
120311B,17h14m00s -13° 04',3,Swift,NA,NA
120311A,18h12m21s +14° 17',3,Swift,3,17.910452837
120308A,14h36m19s +79° 42',3,Swift,4.5,26.2044730269
120305AS,03h10m11s +28° 30',3,Swift,NA,NA
120302A,08h09m48s +29° 40',3,Swift,NA,NA
120229AS,01h20m08s -35° 48',3,Swift,NA,NA
120226A,20h11m43s +48° 40',366*12,IPN,NA,NA
120224A,02h43m54s -17° 48',3,Swift,1.1,8.7158641189
120219A,08h39m10s +51° 01',3,Swift,NA,NA
120218A,21h19m02s -25° 27',3,Swift,NA,NA
120215A,02h00m08s +08° 47',3,Swift,NA,NA
120213A,20h04m08s +65° 24',3,Swift,NA,NA
120212A,02h52m25s -18° 01',3,Swift,NA,NA
120211A,05h51m00s -24° 46',3,Swift,2.4,15.047561411
120202A,13h34m04s +22° 48',3,INTEGRAL,NA,NA
120127A,09h16m34s +15° 53',120*45,MAXI,NA,NA
120121A,16h37m21s -23° 59',3,Swift,NA,NA
120119A,08h00m07s -09° 04',3,Swift,1.728,11.3198122277
120118B,08h19m28s -07° 11',3,Swift,2.943,17.508954518
120118A,13h01m28s -61° 36',3,INTEGRAL,NA,NA
120116A,01h05m00s +33° 56',3,Swift,NA,NA
120114A,21h11m37s +57° 02',3,Swift,NA,NA
120107A,16h25m36s -69° 56',30,Fermi,NA,NA
120106A,04h24m31s +64° 02',3,Swift,NA,NA
120102A,18h24m48s +24° 44',3,Swift,NA,NA
111229A,05h05m08s -84° 43',3,Swift,1.3805,9.5267050932
111228A,10h00m19s +18° 18',3,Swift,0.714,6.6806223126
111225A,00h52m24s +51° 35',3,Swift,0.297,5.0218781057
111222AS,12h39m05s +65° 50',120,Fermi,NA,NA
111215B,14h49m37s +16° 26',31*9,IPN,NA,NA
111215A,23h18m12s +32° 29',3,Swift,2.06,13.5374922529
111212A,20h41m37s -68° 37',3,Swift,NA,NA
111211A,10h12m22s +11° 11',3,AGILE,0.478,5.305514916
111210A,12h45m57s -07° 10',3,Swift,NA,NA
111209A,00h57m26s -46° 47',3,Swift,0.677,6.6302071828
111208A,19h20m52s +40° 40',3,Swift,NA,NA
111207A,06h11m42s -39° 30',3,Swift,NA,NA
111205A,08h57m57s -31° 58',39*13,IPN,NA,NA
111204A,22h26m34s -31° 24',3,Swift,NA,NA
111201A,12h41m56s +33° 00',3,Swift,NA,NA
111129A,20h29m46s -52° 43',3,Swift,1.0796,9.0998635718
111126A,18h24m24s +51° 28',3,Swift,NA,NA
111123A,10h19m24s -20° 38',3,Swift,3.1516,19.3095501983
111121A,10h19m00s -46° 38',3,Swift,NA,NA
111117AS,00h50m49s +23° 01',3,Swift,NA,NA
111109A,07h52m47s -41° 36',3,Swift,NA,NA
111107A,08h37m56s -66° 30',3,Swift,2.893,17.4765631966
111103B,17h42m49s +01° 35',3,Swift,NA,NA
111103A,21h28m29s -10° 33',3,Swift,NA,NA
111029A,02h58m46s +57° 05',3,Swift,NA,NA
111026A,16h17m06s -47° 30',3,Swift,NA,NA
111024A,14h48m42s +25° 51',6*18,MAXI,NA,NA
111022B,07h15m48s +49° 40',3,Swift,NA,NA
111022A,18h23m29s -23° 40',3,Swift,NA,NA
111020A,19h08m06s -37° 59',3,Swift,NA,NA
111018A,18h06m00s -03° 52',3,Swift,NA,NA
111016B,19h22m00s -04° 35',11*64,IPN,NA,NA
111016A,10h15m13s +27° 29',3,Swift,NA,NA
111008A,04h01m49s -32° 41',3,Swift,4.9898,27.4570904329
111005A,14h53m08s -19° 44',3,Swift,0.013,3.6233575909
110928A,17h11m01s +36° 34',3,Swift,NA,NA
110921A,19h36m19s +36° 23',3,Swift,NA,NA
110918A,02h10m18s -27° 17',3*20,IPN,0.982,7.7812363732
110915B,05h10m12s +01° 56',4,AGILE,NA,NA
110915A,20h43m24s -00° 43',3,Swift,NA,NA
110903A,13h08m09s +59° 00',3,INTEGRAL,NA,NA
110827A,10h56m23s +53° 47',3,Swift,NA,NA
110825A,02h59m35s +15° 24',120*1,Fermi,NA,NA
110820B,10h30m20s -54° 36',120*2,IPN,NA,NA
110820A,22h53m20s +70° 18',3,Swift,NA,NA
110818A,21h09m32s -63° 58',3,Swift,3.36,19.8668931624
110815A,05h41m11s +32° 27',6*32,IPN,NA,NA
110808A,03h49m03s -44° 11',3,Swift,1.348,9.7046031625
110802AS,02h57m49s +32° 36',50*1,IPN,NA,NA
110801A,05h59m22s +80° 59',3,Swift,1.858,12.0545133506
110731A,18h42m05s -28° 33',3,Swift,2.83,17.1664744102
110726A,19h07m00s +56° 03',3,Swift,NA,NA
110721A,22h13m36s -39° 00',45,Fermi,NA,NA
110719A,01h38m15s +34° 34',3,Swift,NA,NA
110715A,15h50m38s -46° 14',3,Swift,0.82,6.9261829732
110709B,10h58m27s -23° 29',3,Swift,2.09,14.3318609473
110709A,15h55m35s +40° 54',3,Swift,NA,NA
110708A,22h40m20s +53° 57',3,INTEGRAL,NA,NA
110625A,19h07m00s +06° 45',3,Swift,NA,NA
110610A,20h32m36s +74° 49',3,Swift,NA,NA
110604A,18h04m01s +18° 28',5,IPN,NA,NA
110530A,18h48m11s +61° 65',3,Swift,NA,NA
110521A,08h00m35s +45° 48',3,Swift,NA,NA
110520A,08h57m30s +56° 24',3,Swift,NA,NA
110519A,17h26m31s -23° 24',3,Swift,NA,NA
110518A,04h28m43s -34° 12',90*6,IPN,NA,NA
110503A,08h51m12s +52° 13',3,Swift,1.613,10.4590512195
110428A,00h21m12s +64° 48',9,Fermi,NA,NA
110422A,07h27m59s +75° 06',3,Swift,1.77,12.7063347072
110420BS,21h20m12s -41° 16',3,Swift,NA,NA
110420A,00h08m40s -37° 51',3,Swift,NA,NA
110414A,06h31m30s +24° 22',3,Swift,NA,NA
110412A,08h53m58s +13° 31',3,Swift,NA,NA
110411A,19h25m45s +67° 44',3,Swift,NA,NA
110407A,12h23m59s +15° 43',3,Swift,NA,NA
110406A,01h09m22s +35° 49',24*25,INTEGRAL,NA,NA
110402A,13h09m41s +61° 14',3,Swift,NA,NA
110328B,07h50m24s +43° 12',102,Fermi,NA,NA
110319B,21h44m18s -56° 46',3,Swift,NA,NA
110319A,23h45m36s -66° 01',3,Swift,NA,NA
110318B,14h06m47s -51° 34',3,Swift,NA,NA
110318A,22h33m06s -15° 17',3,Swift,NA,NA
110315A,18h36m46s +17° 32',3,Swift,NA,NA
110312A,10h29m55s -05° 15',3,Swift,NA,NA
110305A,17h23m31s -15° 47',3,Swift,NA,NA
110223B,10h01m06s -68° 20',3,Swift,NA,NA
110223A,23h02m24s +87° 34',3,Swift,NA,NA
110213B,02h46m27s +01° 11',10,MAXI,1.083,8.3705821538
110213A,02h52m01s +49° 17',3,Swift,1.46,9.6393053413
110212A,04h36m13s +43° 42',3,Swift,NA,NA
110210A,00h52m19s +07° 47',3,Swift,NA,NA
110208A,01h29m56s -20° 38',3,Swift,NA,NA
110207A,00h50m10s -10° 48',3,Swift,NA,NA
110206A,06h09m29s -58° 47',3.3,INTEGRAL,NA,NA
110205A,10h58m21s +67° 31',3,Swift,2.22,14.7765685383
110201A,09h08m16s +88° 36',3,Swift,NA,NA
110128A,12h55m30s +28° 05',3,Swift,2.339,15.2026708683
110119A,23h14m14s +05° 59',3,Swift,NA,NA
110112B,00h42m24s +64° 24',3,INTEGRAL,NA,NA
110112AS,21h59m46s +26° 29',3,Swift,NA,NA
110107A,19h59m34s +41° 53',3,Swift,NA,NA
110106B,08h56m47s +47° 00',3,Swift,0.618,5.4547334571
110106A,05h17m08s +64° 11',3,Swift,NA,NA
110102A,16h23m31s +07° 37',3,Swift,NA,NA
101225A,00h00m56s +44° 36',3,Swift,0.847,6.3910620374
101224AS,19h03m42s +45° 43',3,Swift,0.718,5.6694369127
101219B,00h49m02s -34° 32',3,Swift,0.55,5.1050022445
101219AS,04h58m28s -02° 32',3,Swift,0.718,7.4129911033
101213A,16h05m09s +21° 55',3,Swift,0.414,4.9176456554
101204A,11h10m12s -20° 26',3,Swift,NA,NA
101201A,00h07m49s -16° 12',3,Fermi,NA,NA
101129AS,10h23m41s -17° 39',3,Fermi,NA,NA
101117B,11h31m38s -72° 40',3,Swift,NA,NA
101114A,20h12m46s +14° 02',1.8,Swift,NA,NA
101112A,19h28m54s +39° 21',2.6,INTEGRAL,NA,NA
101030A,11h05m34s -16° 23',3,Swift,NA,NA
101024A,04h25m54s -77° 15',3,Swift,NA,NA
101023A,21h11m49s -65° 24',3,Swift,NA,NA
101020A,12h38m16s +23° 10',3,Swift,NA,NA
101017A,19h25m31s -35° 08',3,Swift,NA,NA
101011A,03h13m12s -65° 59',3,Swift,NA,NA
101008A,21h55m34s +37° 04',3,Swift,NA,NA
100928A,14h52m09s -28° 34',3,Swift,NA,NA
100924A,00h02m41s +07° 01',3,Swift,NA,NA
100917A,19h17m04s -17° 06',3,Swift,NA,NA
100915B,05h41m31s +25° 05',3,INTEGRAL,NA,NA
100915A,21h02m36s +65° 40',3,Swift,NA,NA
100909A,04h55m48s +54° 39',2,INTEGRAL,NA,NA
100906A,01h54m50s +55° 37',3,Swift,1.727,12.0634756095
100905A,02h06m07s +14° 56',3,Swift,NA,NA
100904A,11h31m41s -16° 13',3,Swift,NA,NA
100902A,03h14m35s +30° 58',3,Swift,NA,NA
100901A,01h48m59s +22° 45',3,Swift,1.408,9.1168731334
100823A,01h22m49s +05° 51',3,Swift,NA,NA
100816AS,23h26m58s +26° 34',3,Swift,0.8049,6.2826827705
100814A,01h29m55s -17° 59',3,Swift,1.44,9.5847456761
100807A,03h41m18s +67° 41',3,Swift,NA,NA
100805A,19h59m30s +52° 37',3,Swift,NA,NA
100802A,00h09m50s +47° 45',3,Swift,4,23.8014809207
100728B,02h56m13s +00° 17',3,Swift,2.106,12.9001663403
100728A,05h08m16s -14° 20',3,Swift,1.567,11.1063093104
100727A,10h16m40s -21° 22',3,Swift,NA,NA
100725B,19h20m06s +76° 57',3,Swift,NA,NA
100725A,11h06m04s -26° 41',3,Swift,NA,NA
100724B,08h00m10s +76° 44',66,Fermi,NA,NA
100724A,12h58m16s -11° 07',3,Swift,1.288,10.3088048005
100719A,07h29m03s -05° 50',3,Swift,NA,NA
100713A,17h00m50s +28° 23',3,INTEGRAL,NA,NA
100707A,23h52m05s -08° 39',3,IPN,NA,NA
100704A,08h54m33s -24° 13',3,Swift,NA,NA
100703AS,00h38m05s -25° 43',2.8,INTEGRAL,NA,NA
100702AS,16h22m49s -56° 32',3,Swift,NA,NA
100628AS,15h03m52s -31° 40',3,Swift,NA,NA
100625AS,01h03m05s -39° 05',3,Swift,0.452,5.9170837337
100621A,21h01m14s -51° 05',3,Swift,0.542,6.6957766003
100619A,05h38m28s -27° 00',3,Swift,NA,NA
100615A,11h48m50s -19° 30',3,Swift,1.398,9.9500259557
100614A,17h34m05s +49° 14',3,Swift,NA,NA
100606A,23h22m25s -66° 14',3,Swift,NA,NA
100528A,20h44m29s +27° 49',5,AGILE,NA,NA
100526B,00h02m48s -37° 54',3,Swift,NA,NA
100526A,15h23m08s +25° 38',3,Swift,NA,NA
100522A,20h27m56s +09° 25',3,Swift,NA,NA
100518A,20h19m13s -24° 32',3,INTEGRAL,4,23.5592376498
100514A,21h55m17s +29° 10',3,Swift,NA,NA
100513A,11h18m19s +03° 36',3,Swift,4.772,27.353741986
100510A,23h43m46s -35° 35',30*100',MAXI,NA,NA
100508A,05h05m00s -20° 43',3,Swift,0.5201,5.8588073026
100504A,17h02m17s -35° 36',3,Swift,NA,NA
100427A,05h56m41s -03° 28',3,Swift,NA,NA
100425A,19h56m45s -26° 26',3,Swift,1.755,11.0381033109
100424A,13h57m49s +01° 31',3,Swift,2.465,14.8593663241
100423A,09h05m54s +21° 29',3,Swift,NA,NA
100420A,19h44m31s +55° 48',3,Swift,NA,NA
100418A,17h05m30s +11° 28',3,Swift,0.6235,5.3251245271
100415A,00h29m48s -16° 24',90*105,MAXI,NA,NA
100414A,12h14m28s +20° 27',11,Fermi,1.368,9.4955603502
100413B,23h47m16s +51° 19',3,Swift,NA,NA
100413A,17h44m52s +15° 50',3,Swift,NA,NA
100401A,19h23m15s -08° 15',2,Swift,NA,NA
100331B,20h11m57s -11° 04',6,AGILE,NA,NA
100331A,17h24m14s -58° 57',3,INTEGRAL,NA,NA
100325A,22h00m58s -26° 28',54,Fermi,NA,NA
100324A,06h34m27s -09° 44',3,Swift,NA,NA
100322BS,05h05m57s +42° 41',3,Swift,NA,NA
100316D,07h10m28s -56° 09',3,Swift,0.059,4.0363312414
100316C,02h09m10s -68° 01',3,Swift,NA,NA
100316B,10h54m00s -45° 29',3,Swift,1.18,9.4094116793
100316A,16h48m08s +71° 50',3,Swift,NA,NA
100305A,11h13m28s +42° 23',3,Swift,NA,NA
100302A,13h01m23s +74° 35',3,Swift,4.813,27.34137713
100225A,20h41m12s -59° 24',72,Fermi,NA,NA
100224A,05h33m52s -08° 00',3,Swift,NA,NA
100219A,10h16m53s -12° 34',3,Swift,4.6667,26.5363324169
100216AS,10h17m03s +35° 31',3,Fermi,NA,NA
100213B,08h17m21s +43° 27',3,Swift,NA,NA
100213AS,23h17m43s +43° 23',3,Swift,NA,NA
100212A,23h45m51s +49° 30',3,Swift,NA,NA
100206AS,03h08m42s +13° 10',3,Swift,0.4068,5.7174297444
100205A,09h25m37s +31° 44',3,Swift,NA,NA
100203A,06h24m54s +04° 48',3,Swift,NA,NA
100119A,19h57m18s -53° 10',3,Swift,NA,NA
100117AS,00h45m02s -01° 36',3,Swift,0.92,8.3771585087
100116A,20h20m05s +14° 27',21,Fermi,NA,NA
100115A,00h13m20s -00° 49',4,Swift,NA,NA
100111A,16h28m09s +15° 33',3,Swift,NA,NA
100103A,07h29m27s -34° 27',3,INTEGRAL,NA,NA
91230,08h51m51s -53° 53',3,INTEGRAL,NA,NA
91221,03h43m01s +23° 13',3,Swift,NA,NA
091208B,01h57m39s +16° 53',3,Swift,1.063,9.0038242066
91208,00h01m06s +65° 40',3,Swift,NA,NA
91202,09h15m11s +62° 33',3,INTEGRAL,NA,NA
091130B,13h32m24s +34° 05',3,Swift,NA,NA
91127,02h26m17s -18° 57',3,Swift,0.49,4.7520284842
91120,15h07m14s -21° 47',60,Fermi,NA,NA
091117S,02h03m47s -16° 57',3,Swift,NA,NA
91112,17h11m00s -36° 44',3,Swift,NA,NA
91111,09h11m15s -45° 55',3,INTEGRAL,NA,NA
091109BS,07h31m00s -54° 06',3,Swift,NA,NA
91109,20h37m00s -44° 11',3,Swift,3.076,18.1083600138
91104,13h54m53s +47° 23',3,Swift,NA,NA
91102,04h50m29s -72° 32',3,Swift,NA,NA
91031,04h42m48s -61° 35',60,Fermi,NA,NA
91029,04h00m44s -56° 00',3,Swift,2.752,17.3809087437
91026,18h26m20s -86° 07',3,Swift,NA,NA
91024,22h36m50s +56° 52',3,Swift,1.092,8.3252726993
91020,11h42m52s +50° 58',3,Swift,1.71,11.0233558008
91018,02h08m51s -57° 32',3,Swift,0.971,7.6247137278
91015,20h24m31s -06° 10',3,INTEGRAL,NA,NA
91010,19h54m40s -22° 32',3,AGILE,NA,NA
91003,16h46m05s +36° 38',13,Fermi,0.8969,7.969887145
090929B,07h50m49s -00° 38',3,Swift,NA,NA
90929,03h45m58s -05° 58',3,Fermi,NA,NA
90927,22h55m49s -70° 59',3,Swift,1.37,10.7134524024
090926B,03h05m16s -39° 01',3,Swift,1.24,9.7107807764
90926,23h33m36s -66° 19',3,Fermi,2.1062,12.8825237838
90916,08h26m19s +25° 56',3,Swift,NA,NA
90915,15h51m58s +15° 29',3,Swift,NA,NA
90912,12h32m22s +61° 31',3,Swift,NA,NA
090904B,17h36m46s -25° 13',3,Swift,NA,NA
90904,06h43m32s +50° 12',3,Swift,NA,NA
090902B,17h40m00s +27° 20',6,Fermi,1.822,12.5891054919
090831C,07h13m07s -25° 06',3,Swift,NA,NA
90831,09h41m36s +51° 24',60,Fermi,NA,NA
90827,01h13m44s -50° 54',3,Swift,NA,NA
90823,08h34m51s +60° 40',4,IPN,NA,NA
90817,04h15m58s +44° 08',3,INTEGRAL,NA,NA
090815C,04h17m58s -65° 57',3,Swift,NA,NA
090814B,04h18m59s +60° 36',3.2,INTEGRAL,NA,NA
90814,15h58m27s +25° 36',3,Swift,0.696,5.959942635
90813,15h08m04s +88° 34',3,Swift,NA,NA
90812,23h32m47s -10° 36',3,Swift,2.452,14.4574653926
90809,21h54m35s -00° 05',3,Swift,2.737,17.2969929371
90807,18h14m59s +10° 17',3,Swift,NA,NA
90728,01h58m38s +41° 39',3,Swift,NA,NA
90727,21h03m53s +64° 55',3,Swift,NA,NA
90726,16h35m16s +72° 52',3,Swift,2.71,17.4011432446
90720,13h34m47s -10° 20',3,Fermi,NA,NA
090715B,16h45m23s +44° 50',3,Swift,3,17.9069217545
090715S,10h08m29s +10° 00',3,Swift,NA,NA
90712,04h40m25s +22° 33',3,Swift,NA,NA
090709B,06h14m22s +64° 05',3,Swift,NA,NA
90709,19h19m44s +60° 44',3,Swift,NA,NA
90708,10h18m31s +26° 38',3,Swift,NA,NA
90704,13h52m49s +22° 47',1.7,INTEGRAL,NA,NA
90702,11h43m33s +11° 30',3,INTEGRAL,NA,NA
90628,15h48m12s -15° 45',3,Swift,NA,NA
90626,11h20m02s -33° 30',20,Fermi,NA,NA
090625B,00h09m03s -65° 47',3,INTEGRAL,NA,NA
090621BS,20h53m44s +69° 01',3,Swift,NA,NA
90621,00h43m57s +61° 58',3,Swift,NA,NA
90618,19h36m05s +78° 21',3,Swift,0.54,5.5899956705
90607,12h44m50s +44° 08',3,Swift,NA,NA
090531B,16h48m15s -36° 01',3,Swift,NA,NA
90531,11h54m45s +07° 48',3,Swift,NA,NA
90530,11h57m35s +26° 35',3,Swift,1.266,9.8496664616
90529,14h09m54s +24° 26',3,Swift,2.625,16.8435984051
90519,09h29m10s +00° 11',3,Swift,3.85,21.982389047
90518,07h59m44s +00° 46',3,Swift,NA,NA
90516,09h13m05s -11° 51',3,Swift,4.109,24.3075344326
090515S,10h56m41s +14° 27',3,Swift,NA,NA
090510S,22h14m13s -26° 36',3,Swift,0.903,8.3248698028
90509,16h05m37s -28° 24',3,Swift,NA,NA
090429B,14h02m49s +32° 10',3,Swift,9.2,48.637939957
90429,06h02m14s -52° 23',3,Swift,NA,NA
90427,15h43m43s -13° 30',130*9,IPN,NA,NA
090426S,12h36m22s +32° 58',3,Swift,2.609,15.0800258381
90424,12h38m09s +16° 50',3,Swift,0.544,6.6763106261
90423,09h55m35s +18° 07',3,Swift,8.26,44.4368812666
90422,19h39m01s +40° 23',3,Swift,NA,NA
90419,13h07m54s -75° 36',3,Swift,NA,NA
090418B,15h03m38s +17° 13',2,Swift,NA,NA
90418,17h57m20s +33° 25',3,Swift,1.608,10.2397199203
090417B,13h58m49s +47° 00',3,Swift,0.345,5.5552508592
090417S,02h19m59s -07° 11',3,Swift,NA,NA
90410,22h19m55s +15° 28',3,Swift,NA,NA
90407,04h35m50s -12° 40',3,Swift,1.4485,10.8236022719
90404,15h56m52s +35° 30',3,Swift,3,17.2350891746
090401B,06h20m24s -08° 58',3,Swift,NA,NA
90401,23h23m38s +29° 46',3,Swift,NA,NA
90328,06h03m29s -41° 57',9,Fermi,0.736,5.9509526285
90324,17h08m43s -48° 09',3,AGILE,NA,NA
90323,12h42m46s +17° 05',8,Fermi,3.57,21.6093201535
90313,13h13m35s +08° 06',3,Swift,3.375,18.9513019907
90309,18h59m55s -25° 16',3,Swift,NA,NA
90308,12h14m06s -48° 53',3,Swift,NA,NA
90307,16h19m55s -28° 39',3,Swift,NA,NA
090306B,15h24m49s -06° 57',3,Swift,NA,NA
090305S,16h07m02s -31° 34',3,Swift,NA,NA
90301,22h32m34s +26° 39',3,Swift,NA,NA
90217,13h39m36s -08° 24',31,Fermi,NA,NA
90205,14h43m42s -27° 52',3,Swift,4.6497,25.286280949
90201,06h08m07s -46° 35',3,Swift,2.1,13.66813438
90129,17h56m22s -32° 50',3,Swift,NA,NA
90123,00h27m06s -23° 31',3,Swift,NA,NA
90118,03h19m28s +18° 29',3.7,Swift,NA,NA
90117,10h56m01s -58° 15',3,AGILE,NA,NA
90113,02h08m18s +33° 27',3,Swift,1.7493,11.2718674537
90111,16h46m35s +00° 05',3,Swift,NA,NA
090107B,18h59m15s +59° 36',3,INTEGRAL,NA,NA
90107,20h09m42s +04° 44',3,Swift,NA,NA
90102,08h33m02s +33° 05',3,Swift,1.547,11.0621292827
81230,02h29m16s -25° 08',3,Swift,2,12.9742838052
81228,02h37m52s +30° 51',3,Swift,3.44,20.2106541958
081226BS,01h41m51s -47° 25',3,INTEGRAL,NA,NA
081226S,08h02m06s -69° 00',3,Swift,NA,NA
81222,01h31m00s -34° 08',3,Swift,2.77,17.1202182969
81221,01h03m13s -24° 32',3,Swift,2.26,13.4542089577
081211B,11h12m55s +53° 51',7,Swift,NA,NA
81211,21h52m21s -33° 49',3,Swift,NA,NA
81210,04h41m50s -11° 16',3,Swift,2.0631,13.6015265082
81204,23h18m52s -60° 10',3,INTEGRAL,NA,NA
081203B,15h15m10s +44° 26',3,Swift,NA,NA
81203,15h32m08s +63° 30',3,Swift,2.05,12.7289191277
81128,01h23m12s +38° 07',3,Swift,4,22.5784751882
81127,22h08m22s +06° 52',3,Swift,NA,NA
81126,21h34m10s +48° 43',3,Swift,NA,NA
81121,05h57m03s -60° 38',3,Swift,2.512,15.0859126127
81118,05h30m22s -43° 18',3,Swift,2.58,14.9871711404
81109,22h03m09s -54° 43',3,Swift,0.9787,7.9093228177
81105,00h15m52s +03° 27',3,Swift,NA,NA
81104,06h41m56s -54° 44',3,Swift,NA,NA
81102,22h04m44s +53° 00',3,Swift,NA,NA
81029,23h06m49s -68° 10',3,Swift,3.8479,22.9227503271
81028,08h07m34s +02° 19',3,Swift,3.038,17.4389302506
81025,16h21m12s +60° 28',3,Swift,NA,NA
081024B,21h31m36s +21° 12',9.'6,Fermi,NA,NA
81024,01h51m36s +61° 21',3,Swift,NA,NA
81022,15h06m28s +12° 25',3,Swift,NA,NA
81017,15h20m43s -32° 49',3,Swift,NA,NA
081016B,00h58m28s -43° 33',3,Swift,NA,NA
81016,17h02m16s -23° 20',2.'6,INTEGRAL,NA,NA
81012,02h00m52s -17° 38',3,Swift,NA,NA
81011,14h41m27s +33° 36',3,Swift,NA,NA
81008,18h39m57s -57° 28',3,Swift,1.9685,12.8586211624
81007,22h39m54s -40° 08',3,Swift,0.5295,6.6389188738
81003,17h29m30s +16° 34',2,INTEGRAL,NA,NA
81001,18h26m18s -08° 45',3,AGILE,NA,NA
80928,06h20m20s -55° 10',3,Swift,1.692,11.0887149465
80922,18h03m23s -22° 29',2.'7,INTEGRAL,NA,NA
080919S,17h41m09s -42° 24',3',Swift,NA,NA
080916C,07h59m31s -56° 35',10',Fermi,4.35,24.695663386
080916B,10h54m30s +69° 03',3',Swift,NA,NA
80916,22h25m12s -57° 01',3',Swift,0.689,6.3591091747
080915B,14h12m19s -11° 28',3',Swift,NA,NA
80915,01h12m01s -76° 01',3',Swift,NA,NA
80913,04h22m54s -25° 07',3',Swift,6.695,37.1806909205
80906,15h11m34s -80° 29',3',Swift,2.1,14.4860578396
080905B,20h06m53s -62° 34',3',Swift,2.374,14.4992789996
080905S,19h10m39s -18° 53',3',Swift,0.1218,3.1684024677
80903,05h47m11s +51° 20',3',Swift,NA,NA
80828,13h18m31s -65° 56',3',AGILE,NA,NA
080825B,13h57m08s -68° 57',3',AGILE,4.3,25.3930893946
080822B,04h13m59s +25° 45',3',Swift,NA,NA
80810,23h47m07s +00° 19',3',Swift,3.35,20.7235907345
80805,20h56m55s -62° 26',3',Swift,1.505,10.1177903973
80804,21h54m48s -53° 12',3',Swift,2.2045,13.9778594404
80802,18h02m54s -32° 20',3',Swift,NA,NA
080727C,02h10m35s +64° 09',3',Swift,NA,NA
080727B,18h27m29s +01° 10',3',Swift,NA,NA
80727,13h53m33s -18° 33',3',Swift,NA,NA
80726,01h21m35s +13° 55',5',AGILE,NA,NA
80725,08h06m52s -13° 59',3',Swift,NA,NA
080723B,11h47m10s -60° 14',3',INTEGRAL,NA,NA
80723,18h18m03s -06° 55',3',Swift,NA,NA
80721,14h57m53s -11° 43',3',Swift,2.591,16.0399964455
80714,12h32m26s -60° 17',3',Swift,NA,NA
80710,00h33m02s +19° 30',3',Swift,0.845,8.1602824895
80707,02h10m32s +33° 09',3',Swift,1.23,9.3072499492
80703,06h47m28s -63° 13',3',Swift,5.5,30.5414081644
080702B,23h42m24s -05° 29',3',Swift,NA,NA
080702S,20h51m25s +72° 18',3',Swift,NA,NA
80701,03h03m21s +75° 29',3',Swift,NA,NA
80625,19h53m46s +56° 16',3',AGILE,NA,NA
80623,15h50m38s -62° 02',3',Swift,NA,NA
080613B,11h35m11s -07° 06',3',Swift,NA,NA
80613,14h13m01s +05° 09',2.8',INTEGRAL,NA,NA
80607,12h59m52s +15° 54',3',Swift,3.036,18.0828055566
80605,17h28m31s +04° 00',3',Swift,1.6398,11.1099887223
80604,15h47m53s +20° 33',3',Swift,1.416,9.3125966468
080603B,11h46m07s +68° 05',3',Swift,2.69,15.5061296969
80603,18h37m31s +62° 44',3',INTEGRAL,1.688,11.1570776732
80602,01h16m41s -09° 15',3',Swift,1.8204,11.5850697332
80523,01h22m56s -64° 03',3',Swift,3,17.7453967325
80520,18h40m46s -55° 00',3',Swift,1.545,10.4966001486
80517,06h49m01s +50° 44',3',Swift,0.089,4.314516852
80516,08h02m31s -26° 11',3',Swift,NA,NA
080515X,00h12m36s +32° 36',3',Swift,2.47,15.8087278179
080514B,21h31m17s +00° 44',17'*6',AGILE/IPN,1.8,11.3891442972
80507,15h34m53s +56° 25',3',AGILE,NA,NA
80506,21h57m44s +39° 00',3',Swift,NA,NA
080503S,19h06m28s +68° 47',3',Swift,NA,NA
80430,11h01m17s +51° 41',3',Swift,0.767,7.2036605336
80426,01h46m18s +69° 29',3',Swift,NA,NA
80414,18h08m30s -18° 52',2',INTEGRAL,NA,NA
080413B,21h44m32s -19° 58',3',Swift,1.1,9.1212908537
80413,19h09m10s -27° 41',3',Swift,2.433,14.5884158136
80411,02h32m04s -71° 20',3',Swift,1.03,7.2095225076
80409,05h37m20s +05° 05',3',Swift,NA,NA
80408,07h38m43s +33° 18',3',AGILE,NA,NA
80405,10h50m23s -04° 15',3',Swift,NA,NA
80330,11h17m12s +30° 34',3',Swift,1.51,11.3333228818
80328,05h21m55s +47° 31',3',Swift,NA,NA
80325,18h31m35s +36° 31',3',Swift,1.78,12.4730127149
